UUID,10b_OpenEnds,10b_A,10b_B,10b_B1,10b_B2,10b_B3,10b_C,10b_D,10b_E,10b_F,10b_G,10b_H,10b_I,10b_J,10b_K,10b_L
1834dd8b-fc3b-4f3e-82bf-b1695dd19340,Because I'm afraid that my family 's life will be in danger ,,1,,1,,,,,,,,,1,,
bec081aa-aad2-4524-b5b0-4bf7950619bc,"Because salaries are not equal, 70 percent of men and 30 percent of women should be eligible",,,,,,,,,,,,,,,1
445a1d78-0a18-4d5a-91c0-69e6924dca6e,"Because when women are liberated, it becomes very strange that Islam does not say that there should be some women, some that Islam says and no extremism, and excess is what the Shari'a says. ",,,,,,1,1,,,,,1,,,
d4eeabdb-2f36-4cba-9c5c-d6cd53a93f39,"Because women's rights are not a priority in the current context, the lives and property of Afghans are at stake. First, measures must be taken to protect their lives. ",,1,1,1,,,,,,,,,,,
46cbfe5e-7bb1-4c08-aa25-1a2b96fe9ea2,"For the sake of human rights, it has never been realized in this country. ",,,,,,,,,,1,1,,,,
13fe7f63-ea1b-4d1e-9cdb-c14f0ad6d588,"Given that the Islamic Emirate of Afghanistan is a nascent and newly formed government, it is possible that a clear and real heart among women's rights may be violated. ",,,,,,,,,,1,,,,,1
e9299c8d-53a2-47d2-af0a-fd36d185255d,I do not know women are useful to the government structure ,,,,,,,1,,,,,,,,
0e64e802-459e-4a8e-96e9-cca61f76463d,It's all a show war ,,,,,,,,1,,,,,,,1
c4cb6aaa-46b4-4995-bb65-5ca1ce020a67,"The issue is not women's rights, but the border of the United States and other powers ",,1,,,1,,,1,,,,,,,
1f92a013-990e-4496-8365-557d0703e490,"The proverb asked a person what his name was. She told him that God ... and he didn't show it to Dad, so the Taliban didn't show it to Dad. In the early days, they started beating him. . Another important point is that the West and the Taliban have started a political war under the pretext of war ",,,,,,,,1,,,,1,,,1
cd2527b9-9c8f-4ab6-bbdb-8c0db04e2262,"There is no definition of human rights, which group is human rights? ",,,,,,,,,,,,,,,1
b0868316-5319-42c6-b468-15d3149b74a4,Why Afghanistan is a country that has been fighting political and economic wars for more than 3 decades ... Test,,,,,,,,,,,,,,,1
013d2caa-79c7-4113-9e3c-508c3b4cffee,Don't want ,,,,,,,,,,,,,,,1
81f7a483-0fc6-4a58-9da7-55da89004113,I'm afraid to comment ,,,,,,,,,,,,,,,
b7cd7e06-5019-4106-a2d1-900c7b9acf70,"According to the previous and current governments, none of the international community has kept its promises to the people ",,,,,,,,,,1,,,,,
043b9786-5c98-421f-9c59-accee8da6cbf,Afghanistan has deteriorated so much that Taliban militants are oppressors. ,,,,,,,,,,1,,,,,
a6c26bca-5e53-4605-94f0-1b252da79294,Afghanistan's economy is at a standstill. There are atrocities. There are no jobs. People are starving. Children and young people are missing. ,,1,1,1,,,,,,,,,,,
46afb36f-be67-44b0-a332-e0086a14ade8,"All that matters to us is the rights of women and all of humanity that Islam has given, not the infidel world ",,,,,,,,,,,,1,,,
1ccadd8c-97df-435e-b230-b104d26158ae,"am an 18-year-old person because I do not understand political issues, it is better not to comment",,,,,,,,,,,,,,1,
72577745-2be9-4877-b11d-19a7a588c51c,"am the bloodthirsty state of Afghanistan. No country has helped the Afghans, and the government is in the hands of the Taliban. The poor government of the poor people. ",,,,,,,,,,1,,,,,
81337c05-9f62-446a-8d76-43c69f1b0769,"As long as Pashtuns are in power, violence will continue. The government will be based. It will be separated from religion ",,,,,,,,,,1,,,,,
c6200d78-6b0a-4492-8006-65d2415d8097,"Because a missing woman or girl can work in a limited number of places, not in government ",,,,,,1,,,,,,,,,
41e89e7d-cf39-469f-9985-79bb9048325d,"Because Afghans are doing too much for what is not in the interest of Islam, Afghan society and the United Nations, it is better to be without theory. ",,,,,,,,1,,,,1,,,
92ab663f-fd85-48a0-a4ba-92321ff92487,Because Afghans have always been deceived into the issue of human rights Human rights have always been violated in all parts of the country where we live. ,,,,,,,,1,,,1,,,,
c8fa131a-3cbb-4f28-b37f-84d1a1fc3574,Because all countries are moving away from Afghanistan and do not want to help Afghanistan ,,,,,,,,,,1,,,,,
363a35fc-8819-4595-bca8-89782f98e16d,Because all the rights of citizens are violated ,1,,,,,,,,,,,,,,
3f488776-6d62-4932-a0ba-5c6c545bb263,"Because although not all schools are open, some are open in the province and the rights of women can not be justified ",,,,,,1,,,,,,,,,
1a956018-3c65-41c5-a8c4-416dabe3590d,"Because corruption and the US presence in Afghanistan have hurt the Afghan women's community, and it takes more time for women to learn Islamic education better. ",,,,,,,,1,,,,,,,
6090c38f-3718-4714-8c0e-76c521eea8f3,"Because during the previous government, the republic, women's rights were not guaranteed ",,,,,,,,,,,1,,,,
2d01a07f-0452-4958-9b7d-92b67ec9d3db,"Because every country came to Afghanistan thinking about its own interests, not Afghanistan. Afghanistan is one of the countries with the most untapped mines, and every country has to know how to use Afghanistan's resources. Shows the desire to use Afghanistan in different ways and strengthen your base in Afghanistan. Thanks to Omidullah Safi. ",,,,,,,,1,,,,,,,
745c1752-43a5-4f61-9aef-afa23619ce66,"Because every factor reduces the progress of the country towards progress. In particular, prevent women from studying, which is a hypothetical right from God. Every woman in various sectors can cooperate with her government for the development of the country. The only priority of a country is not security and work, but also knowledge. ",,,,,,,1,,,,,1,,,1
544fd29f-0cc4-4941-ac07-98df2aba5d1a,"Because for several years, human rights for women have not been active ",,,,,,,,,,1,1,,,,
440a31c8-628a-4ce1-8b3b-5f66b794f5c1,Because he has his own Sharia law that Islam has given Sharia full support and will be given ,,,,,,,,,,,,1,,,
b91accc2-5967-417e-b727-5e2a291507d9,"Because here, in addition to women, genocide and ethnic and religious cleansing continue to the highest level. ",1,1,,,1,,,,,,,,,,
8fc24b0f-aa00-4f84-bd08-c7caa44db034,Because human rights and women can not be the solution to the stalemate in Afghanistan ,,1,,,,,,,,,,,,,
f54cc64b-d939-45b3-bb6f-05528aaec45f,"Because human rights are not the only rights of women, rights such as the right to freedom of expression, the right to work and, most importantly, the right to participate in decisions and decisions remain on the Taliban's agenda. ",1,1,1,,,,,,,,,,,,
688cfc32-1383-4d93-aece-07c5f52a0a4c,"Because human rights did not do any work or service for rural women, only four women with dual passports got everything, human rights did not do their job properly. ",,,,,,,,,,1,1,,,,
4ac283ab-52e8-49eb-92e5-7d83dc3d0d96,Because human rights have lost their meaning ,,,,,,,,,,1,,,,,
0ef557f3-efae-44a9-89db-1f2cfa44191c,Because human rights is a project ,,,,,,,,,,,,,,,1
d1b966f6-9e40-44a2-94e0-98910dba492a,"Because I am not in a country, I will answer your questions correctly with your apologies ",,,,,,,,,,,,,,,1
da1b5698-66dd-4ba7-a66a-f44a877f1ef3,Because I can breathe a sigh of relief before God knows what to do. ,,,,,,,,,,,,1,,,
d85dafac-30d2-4388-b546-8316d53fba30,Because I did not understand the meaning of this question ,,,,,,,,,,,,,,1,
e19cba0a-5a50-4730-8832-196632ffca99,Because I do not know how true this assumption is ,,,,,,,,,,,,,,1,
996a7b30-94e6-4225-904e-327ed56266b6,"Because I do not know what they are still planning under the pretext of the international community, because we have seen it in the past ",,,,,,,,1,,,1,,,,
ab8a5148-c818-4cc5-b314-5de375ff16ba,Because I do not know what will happen to my future and my country ,,,,,,,,,,1,,,,1,
7c26d4d0-e805-49c1-b83b-7fe393b15217,Because I do not know what you mean by human rights? ,,,,,,,,,,,,,,1,
392d41e9-024a-4f70-9bb8-8a9a3be7938a,Because I have no information ,,,,,,,,,,,,,,1,
3a7529f4-c6da-44c7-85d8-57e9f4ae772f,Because I have not seen any human rights ,,,,,,,,,,1,,,,,
3c0f7093-1617-492a-8340-95fdd642afd6,Because I no longer have confidence in the world ,,,,,,,,,,1,,,,,
4c77565a-33b5-4e5a-80b4-51bfbecc492b,Because I remained indecisive about this question because I can't answer this question in the current situation ... ,,,,,,,,,,,,,,1,
20a5017b-ad8c-41c6-84f0-4b9895629f7a,Because I want a comprehensive Islamic state. ,,1,,,1,,,,,,,1,,,
20206da6-aa73-473d-a240-f483be0d399d,Because if Shariah is allowed then it is not valid ,,,,,,,,,,,,1,,,
d6b96c89-9562-4414-b1be-cdbc6505d9c2,"Because in a traditional and religious society, human rights that currently prevail in the world are contrary to our religious and cultural values. On the other hand, one of the important issues in recognizing the Taliban, which I think reduces the problems in Afghanistan by recognizing them, depends on this issue (human rights) of women. ",,,,,,,1,,,,,1,,,1
875fd366-7a42-427e-afcd-b90028ddbe20,"Because in addition to these, there are other tasks, such as entrusting work to workers, education, economic growth ....... must be undertaken. ",,1,1,,1,,,,,,,,,,
ac56d8e1-cd44-4776-b734-26325aea594d,"Because in eight months, the fate of women was not known ",,,,,,,,,,,,,,1,
22da7060-3185-428b-9e35-1464318a893a,"Because in the meantime the rights are very much lost, including the children of children with disabilities, why the international community does not pay attention to them, that is, there are other points to agree with the Taliban, why they do not focus on him because their goal is not to solve people's problems. Until the promise of being pureeed in diameter ",1,1,,,1,,,1,,,,,,,
46313b5b-826a-4c09-8649-4a2678343053,"Because Islam has given the best rights to human beings. If I do what Islam says, these human rights that the West says today are basically human rights. If we really study Islam, you will see how human rights Islam has given to human beings. Is ",,,,,,,,1,,,,1,,,
8d3b1e92-61ab-4f4f-8918-8817f83e410e,Because Islam has stated its rights for women in the Qur'an. ,,,,,,,,,,,,1,,,
0f0add0e-e27e-4198-b9a5-e790c8288a02,"Because Islam says that a woman should be kept in the house. If it were not for this, the husband would not have been deprived of these rights in Islam. Work in the stairs. ",,,,,,1,,,,,,1,,,
bc04f665-2030-4a96-b558-de33857dab88,Because Islamic law is different from human rights law ,,,,,,,,,,,,1,,,
421f6bc4-3502-4e65-9b58-17030d3858af,"Because it is Afghanistan, no leadership can be trusted ",,,,,,,,,,1,1,,,,
289b9d10-5c15-403d-9857-70e6ffc61c7f,Because it is insecure ,,,,,,,,,,,,,,,1
ba53390e-3dc4-46f5-b736-4683e2888f19,Because it is not clear ,,,,,,,,,,,,,,1,
2edf6577-16c4-4305-a249-d47524aa548e,"Because it is not only the rights of women that are at stake, the rights of all Afghan citizens must be respected. They must live in a peaceful environment. ",1,1,,1,,,,,,,,,,,
222b92cd-24de-45ce-98e7-046eba263f5f,"Because it is only in name, not in action ",,,,,,,,,,1,,,,,
3419d9a8-b913-4902-88a6-e0203effd896,Because it is really a right that is considered necessary or not ,,,,,,,,,,,,,,,1
cdb343da-38e3-4d51-b940-3a6592ec5517,Because it is related to Islam and hijab is obligatory in Islam ,,,,,,,,,,,,1,,,
646d744b-a681-4d2d-8140-d7b143440e9b,Because it is the prerogative of the authorities ,,,,,,,,,,1,,,,,
c12832c4-157d-4153-9391-da2ad2889586,Because khalat is a little harab ,,,,,,,,,,,,,,,1
81e318fe-8c1e-46bf-82f7-c32b99e42527,Because men's rights are also included ,1,,,,,,,,,,,,,,
ac4aa075-4be4-4abd-a3a1-fa9d6888f743,Because neither the Taliban nor the top women can be trusted at this time ,,,,,,,,,,1,,,,,
a23a56ab-0ee5-4f06-8259-d64bbcd6f0bd,"Because of the kind of rights that Islam has given. That kind of right was exploited by women in Afghanistan. But the point here is public education! Even if the women remain silent, they will be treated like animals by the people, the cause of which is ignorance. ",,,,,,,1,,,,,1,,,1
faf27e65-0ac2-4df7-89d8-036a960f0bd2,"Because of the rights that Islam has given to women, women have more demands than that ",,,,,,,,,,,,1,,,
34f9a354-acb8-47f4-bde8-768ec206f876,Because only one issue cannot be resolved ,,1,,,,,,,,1,,,,,
3b29cac1-6790-48ad-9eee-2a4935317114,"Because our country is an Islamic country and Islam has given women freedom within the framework of Islam, most women in most provinces are still illiterate and the international community wants freedom for Afghan women in Europe and Afghanistan so that even women themselves become foreigners. And there are still as many women as there are who think that they are trying to burn themselves, and I am not sure about that. ",,,,,,,,1,,,,1,,,
a4473527-1798-4955-8b76-d2148db83630,"Because our people are now in dire need of food, its prices are high and we are not paying attention to other issues of hunger. ",,1,1,,,,,,,,,,,,
d1b48431-19ad-401c-b145-7f28cc6d7eaa,Because she is a woman. ,,,,,,1,,,,,,,,,
ecefc73b-1894-4b68-b514-485605a6a1d6,"Because she is not the only human woman, why do I mention only the name of a woman when we talk about human rights? ",1,,,,,,,,,,,,,,
a576f087-843e-4d2e-bf35-258d84d49fa9,"Because some human rights, Islam is against the law ",,,,,,,,,,,,1,,,
2bfdda8d-103a-4905-98f2-da97d1127ae1,Because such a thing is not possible ,,,,,,,,,,1,,,,,
d0a02bb2-57bd-404d-bbb6-3370aed64560,"Because the current situation dictates that you should be neutral in many matters, if not ... ",,,,,,,,,,1,,,,,
a96463cd-1e4d-41ae-8e91-d8802f0882f9,Because the current situation in Afghanistan does not allow women to demand their rights ,,,,,,,,,,1,,,,,
e3ed24ac-b3b4-4325-a14b-6afe4f284487,Because the current situation is not timely ,,,,,,,,,,1,,,,,
ef7a6050-0046-4856-8f2f-79d831d6a808,"Because the economic situation of the people in our country is very bad, I call on the international community to address this situation ",,1,1,,,,,,,,,,,,
09ae0b5c-7455-4db8-b054-dde6f862905d,Because the fragmented and primitive society of Afghanistan has changed the fate of women ,,,,,,,,,,1,,,,,
7556f25f-87ba-4503-a7e7-10e9390e4a36,Because the future of the Afghan people is currently unknown ,,,,,,,,,,1,,,,,
c527cbe0-0e64-4070-af32-579a69d852b4,Because the government does not want to give freedom like the rest of the world ,,,,,,,,,,1,,,,,
c3086dde-327f-4767-b962-1c518bb91126,Because the government is not universal ,,,,,,,,,,1,,,,,
ff09cb07-99ab-41e2-92be-09d47f87c20c,"Because the human rights that Islam has given have been fully given in Afghanistan, God willing ",,,,,,1,,,,,,1,,,
22aa6a8e-a378-4a74-aa5b-8be01be82789,"Because the international community and the human rights organization are under the control of the United States and do not do anything without the will of the United States, and the United States does something that is in its own interest. ",,,,,,,,1,,,,,,,
dfc99cc3-40d6-4955-bc93-071e9b9b92ad,"Because the international community is called to think about rights, their goal is to weaken Islam. They want to remove the hijab from our women. ",,,,,,,,1,,,,1,,,
5d3d270d-44b2-43f7-8648-d38aac0ca7de,"Because the international community that made the law was in some ways at odds with Islam, and so was the Taliban. ",,,,,,,,1,,,,1,,,
8ab0739b-a761-4bcf-a0e3-f3ecee7835fa,Because the leaders of the Taliban terrorist group are not masters of any of their own talk and do not give women any rights in any way. ,,,,,,,,,,1,,,,,
8dbb257d-0494-4c70-8113-24e02c7a7957,Because the majority of them are ineffective and their function is in doubt as to whether or not they can ,,,,,,1,1,,,,,,,,
e9f2be9c-48c6-4c8f-8b99-d6073c95b572,Because the names of human rights and women's rights are abused ,,,,,,,,,,1,,,,,
56cbb1f9-df1c-475f-814c-ea214068144a,"Because the priority now is to end poverty, not women's rights ",,1,1,,,,,,,,,,,,
9bf273a9-40f0-41d2-bcc9-ce5d89a5f2d4,Because the religion of Islam has given full rights to women ,,,,,,1,,,,,,1,,,
0629adc8-e1f5-4fe2-af9f-31c3ee2568d1,Because the root of corruption in a country lies in the moral corruption of women. Until the law on men and women is applied equally. No society will be responsible ,1,,,,,,,,,,,,,,
504b4c82-74f6-4e53-9a73-70e04bb0ee28,Because the situation is not in the same situation. ,,,,,,,,,,,,,,,1
c3dd34ee-bdd9-4af3-8477-197ffd5b0ff3,"Because the Taliban also do things that are very bad and have bad effects, but still we are Muslims, so some of their words are a bit out of place. ",,,,,,,1,,,1,,1,,,
29fde473-c99e-4561-88d7-066d10717f62,Because the Taliban are an authoritarian group of a certain ethnic group and a fanatical group of fascists ,,,,,,,,,,1,,,,,
44374028-6954-462c-ab9e-7a21a26b8272,Because the Taliban are committed to many decisions ,,,,,,,,,,1,,,,,
eb578c36-effc-4b91-ac6a-1564feaa47ae,"Because the Taliban are the only ones who do not want to respect human rights in Afghanistan, they must do better to protect the society and its people from harm. ",,,,,,,,,,1,,,,,
dc2c88ff-fc0f-454c-9dce-a58fef80e83b,"Because the Taliban do not adhere to the values of human rights and women's rights, they do not accept democracy and freedom of expression, they consider them polytheists and infidels. ",,,,,,,,,,1,,,,,
90e4524e-2c76-4a6f-b05f-de4314deb69e,"Because the Taliban do not give women the right to education, the Taliban believe that women should be imprisoned at home and never study, and should not participate in the government process. ",,,,,,,,,,1,,,,,
7146c0ac-3102-4cd0-a227-6d098ef1d457,"Because the Taliban have recently silenced the voices that people are forced to be silent, it means that this silence has become a habit and the international community has not been able to do anything. And he has no idea what is going on. The Taliban, who initially forbade girls from going to school, were very noisy, but now it has become normal for everyone. That is, the Taliban want to make this their habit in society ... ",,,,,,,,,,1,,,,,
d4ce2730-dee4-4951-8543-701b61bc86c0,"Because the Taliban leaders are very smart and knowledgeable people, they know everything ",,,,,,1,,,,,,,,,1
914fee1f-45bd-43d7-8d74-54ab0a91c9fc,Because the Taliban want to eliminate women ,,,,,,,,,,1,,,,,
e8429b07-601d-4e78-a92c-e293836eb68f,Because the United States wants to pursue its own interests and has made women's rights a tool ,,,,,,,,1,,,,,,,
496aa8dc-d532-4319-ad2f-7db02bc8c43e,"Because the wife of God Almighty has created ten houses, the man of the ten bazaars is right that the right to equal work is equal to the size of a woman who works in ten places. ",,,,,,,,,,,,1,,,1
942a1418-cebc-468f-b854-5843f3920330,Because the world is violating its human rights ,,,,,,,,,1,1,,,,,
c291f44c-9431-4a25-af5c-7123b20948eb,"Because the world wants to bring such freedom in an Islamic land that the nation does not like, like becoming a woman without hijab, sitting with non-mahram people ... ",,,,,,,,1,,,,1,,,
f65d1472-486a-46fb-ba46-1370b4aa2f20,"Because there are other priorities, one of these priorities is women. Work, education, freedom of expression and choice, social freedom, ethnic employment, etc. ",,1,1,,1,,,,,,,,,,
dce49ba7-c099-43da-957a-bdd2303e2aea,Because there are other very important priorities that need to be addressed ,,1,,,,,,,,,,,,,
fd3e5336-441c-497e-8f11-b3c93b4604db,Because there are so many types it's hard to say ,,,,,,,,,,,,,,1,
6a281d95-d549-4efb-959d-48ae22cda4db,Because there is no organized government ,,,,,,,,,,1,,,,,
95615f3b-cf48-4633-87f1-e2f6d467ac98,Because there is only one Islamic system and democracy is gone. ,,,,,,,,,,,,1,,,
09eb7f9a-9dae-4b1e-a9cd-cf7cbbb36b7f,"Because they are all money, but I say that the right should be given in an Islamic way ",,,,,,,,,,,,1,,,
7b322d48-25e6-4866-a789-b12c856e3489,Because they have no opinion on women ,,,,,,,,,,,,,,,1
9b2fdfaf-df93-45b4-8b21-52771085beba,Because this decision should be made in the light of the culture of an Islamic country and in the light of Quran and Prophetic Hadiths. ,,,,,,,,,,,,1,,,
97249b48-855b-44d7-bd14-e48d96ff2437,Because this issue should be viewed from a Shariah point of view and not from a personal point of view ,,,,,,,,,,,,1,,,
20587085-6356-4afc-807a-5b054d3b0015,Because those who are talking to us about human rights do not know their own human rights if they are shouting for human rights it is for democracy and not for the survival of human beings how many Americans have killed so many innocent Afghans. ,,,,,,,,1,1,,,,,,
794951a3-3b50-45a8-858c-5e4185317128,Because we want to kill the human rights of the West ,,,,,,,,1,,,,,,,
4872c744-1d41-4046-a8b4-59773513fc62,"Because with the traditional society we have, this issue will never be a priority for governments, even in the last 20 years, women's rights have never been a priority for the government.",,,,,,,,,,1,1,,,,
9625a072-b7c7-4613-99b1-588f8d277727,Because woman is an imperfect creature and they believe in everyone's chats ,,,,,,1,,,,,,,,,
9a7ffe69-35d7-4289-99c7-e20d7f626b21,Because women already had a lot of competence and misused it ,,,,,,1,,,,,,,,,
f4b5a7c4-3481-4c3a-94f1-3015763babc8,Because women do not participate in the traditional society they want freedom but Afghanistan is an Islamic country it does not allow democracy ,,,,,,1,,,,,,1,,,
6b979566-7759-4158-9943-344014bbb2e8,Because women do not wear Islamic hijab ,,,,,,,,,,,,1,,,
63e9e550-f863-4ae1-8f21-86c8b860cad3,Because women's rights are not so much ,,,,,,1,,,,,,,,,
036673aa-9620-40c0-85c5-c4ac2adb5c7a,"Because women's rights do not matter to the West and the East. If the rights to the East and the West mattered, killing thousands of innocent people in several Islamic countries would not be accompanied by women and children. Human rights are currently used as a means to an end for intelligence purposes ",,,,,,,,1,1,1,,,,,
13c8206f-c8a1-453b-b23e-eb0b78acdcf2,"Because you are using women's rights instead of women's rights. All international women, especially European and American women, complain of sexual harassment but cannot explain it. ",,,,,,,,,1,,,,,,1
8727f384-eaa9-4d08-ad1a-a00d26ded670,Belief has been lost because lies have been told to the common people ,,,,,,,,,,1,,,,,
627e1cc3-d00d-45d9-bc09-05f54afbcc8c,"believe that neither the international norms and regulations have upheld the basic and real rights of women nor the Taliban because women should be thoroughly considered in determining women's rights! Their physical condition, their social status, women's interests, women's physical and esoteric differences with men and so on should be examined and then women's rights and laws should be determined. I believe that a large number of women in the Western world are still dissatisfied with their human rights. ",,,,,,,1,1,1,,,,,,
ece7b620-7935-4da3-9826-ab508dd58f48,Countries outside use the name of human rights and increase differences in our country. ,,,,,,,,1,,,,,,,
ee8a6662-7f69-4900-84a8-9e53844e9554,"do not know, maybe the unknown circumstances and the situation in the country ",,,,,,,,,,1,,,,1,
15dba1d6-075b-41a2-8956-fef671f3064c,do not want to be involved in politics ,,,,,,,,,,,,,,,1
088a7c46-5d3c-46e7-ae1c-ddb1a87c8501,Due to the instability of the Taliban regime ,,,,,,,,,,1,,,,,
16ca00cd-4862-4f6a-8b89-a88a200b7427,"Each group wants to take advantage of the position of Islam and women, and I do not believe in any of the Taliban's commitments, and I think that they have failed and are not competent. ",,,,,,,,,,1,,1,,,
1405f46c-d090-49d8-a3cb-64a2e281a0f0,Economic problems Unemployment Unfortunate Uncertain future and the like ,,1,1,1,,,,,,,,,,,
2eac4b01-4a4d-48a2-aaaf-72c2b23f5c9a,Everyone's rights are violated. ,1,,,,,,,,1,,,,,,
b5fb3f2e-afea-4c75-96d4-cf065111c5ed,"First, the government must be fully formed ",,1,,,1,,,,,,,,,,
b8ab0f37-e415-420c-858b-742f90fcc391,For the protection of the people of Afghanistan ,,1,,1,,,,,,,,,,,
546616a1-5208-41f2-904d-b8ea0d45a5c7,"For the sake of one or the community, neither men nor women can run and form on their own, and they must work together. ",1,,,,,,,,,,,,,,
ce64a224-8703-4d57-b8fd-e8b7351e575f,have commanded and implemented the rights of Islam. We may be their good deeds ,,,,,,,,,,,,1,,,
a065be88-d267-4182-9f4f-f5c2072c3fbc,"He thinks that a woman is mentally retarded, but he is not against Islam, because we have many places where the presence of a woman is inevitable, such as medicine. ",,,,,,1,,,,,,1,,,
bf05b2ab-8625-4d65-a990-f0fff4f0e929,"Hello and respect, because human rights, especially for poor women, are not given here, there are questions under several names, such as the first, the second education, the freedom of human beings, and the third, oppression. ",,1,,,1,,,,,1,,,,,1
c70ab863-e50c-411b-a9df-2b9afa505e83,How can I be sure that the rights of the brave women of Afghanistan are being guaranteed by the Taliban while the government is in the hands of those who do not know the meaning of women and women's rights? ,,,,,,,,,,1,,,,,
a22c85a5-6434-4aa9-8cd8-94fa4b1fe8dc,"Human rights are a matter of foreign countries. In the Holy Quran, human rights are fully respected ",,,,,,,,1,,,,1,,,
05a58dfe-79f9-423e-a19c-a77418cbb998,"Human rights are a name, when American goals and interests are threatened, human rights stand up, otherwise it is neither a human rights nor a cure for pain. America is a thieving country, because in 20 years it has kept all thieves in power, and the nation In Badr. A complex hospital, a spice factory, a large ward were not built. The aid was all wasted by American contractors and their Afghan servants, which is what American leaders wanted.",,,,,,,,1,,,,,,,
dc046106-ee29-4c86-b05a-2e3388e20a9c,Human rights have defined Islam in its fullest sense ,,,,,,,,,,,,1,,,
74db46b9-da00-45aa-8619-f93e1c1f2120,Human rights must be based on Islam ,,,,,,,,,,,,1,,,
934e001f-4ae5-4f13-9489-e082bf3939dc,I am a Muslim and I want the rights for women which are given by Sharia and not the rights given by the world. ,,,,,,,1,1,,,,1,,,
160af525-98f5-4456-a281-79d8ee27801a,"I am indecisive because I do not want women to be deprived of education, nor do I want them to be like the previous system, but to be equal to Sharia and within the framework of Sharia. ",,,,,,,1,,,,1,1,,,
efb0f192-5462-4c3e-b6af-d4637b8e88b0,"I am not sure that women's rights are guaranteed in Afghanistan, it is not possible in the presence of the Taliban, and the right does not mean that only free women can pass, but women have a constructive role in the growth and development of the country. ",,,,,,,1,,,1,,,,,
3373c0e2-1151-4a3b-ade4-382a568a379e,I believe that because our society is Islamic and women should be given the right of Islamic Sharia. ,,,,,,,,,,,,1,,,
fdf506dc-3bb6-4f23-8abc-d89539977ce4,I can not predict the future of Afghanistan and God knows what will happen to the future of women ,,,,,,,,,,,,1,,1,
5105a2c2-d186-419b-8c3a-e0bcfd28d7f2,I can't say that Allah has made it so ,,,,,,,,,,,,1,,,
a163967f-0824-42a8-bab7-fcf4803c4f2a,I do not believe that the people in power can bring such complete security ,,,,,,,,,,1,,,,,
53468dd3-375e-49a8-8974-4e9753ed69ce,I do not know ,,,,,,,,,,,,,,1,
48f654d5-76f1-4d3b-90c7-2ff1c025026d,I do not know ,,,,,,,,,,,,,,1,
97122462-77b6-4e63-bca8-d7d3d05bf892,I do not know ,,,,,,,,,,,,,,1,
8b076e1e-1e76-425b-a8d4-5f99653b3827,I do not know ,,,,,,,,,,,,,,1,
e5dade8a-8373-40a8-8dfa-726d6d4aa508,I do not know ,,,,,,,,,,,,,,1,
0cd1dd8c-6587-4bf2-86e4-8ebb1be0043e,I do not know ,,,,,,,,,,,,,,1,
39b9b0b4-dae7-4de9-9bfd-17df0018dd76,I do not know ,,,,,,,,,,,,,,1,
7c643b2a-bbb1-469a-98ff-e774b9d8ad31,I do not know ,,,,,,,,,,,,,,1,
c2fb8d12-6931-42ab-b2b1-71e44fec9eab,I do not know ,,,,,,,,,,,,,,1,
c66f2a12-9c7f-46de-9fb6-e1f16cc6c910,I do not know ,,,,,,,,,,,,,,1,
537a40a6-e89b-45ba-805e-20061c654a45,I do not know ,,,,,,,,,,,,,,1,
08ffd6e8-ab6f-4e2d-94fc-69a30837090d,I do not know ,,,,,,,,,,,,,,1,
595e7c83-6698-41e9-9c52-ca5e3286d1ed,I do not know ,,,,,,,,,,,,,,1,
b9374be2-1ecd-4b08-9928-6fac8d5b8e6b,I do not know ,,,,,,,,,,,,,,1,
8bf45001-12b8-44a4-a5e7-6ec909d532fe,I do not know ,,,,,,,,,,,,,,1,
c6c8286e-9dd7-4ca8-84f3-c3d18cd0d7bd,I do not know ,,,,,,,,,,,,,,1,
14ee079e-f7e3-4aba-bcf6-6a7a0d211456,I do not know ,,,,,,,,,,,,,,1,
0e0cfdb5-65d5-4b02-9ecc-217b95f4ed4a,I do not know ,,,,,,,,,,,,,,1,
ddd66cfb-e157-43d0-8d67-f616fb2249a6,I do not know ,,,,,,,,,,,,,,1,
48b78f46-1cdc-429e-9b25-def12c9e8f51,I do not know ,,,,,,,,,,,,,,1,
c02bb49c-c1e0-4c4e-b6d5-4268437beffa,I do not know anything ,,,,,,,,,,,,,,1,
96c3ddd3-2882-4ee8-a855-d657b6de7d3a,I do not know because fate does its job ,,,,,,,,,,,,,,1,
79137367-329a-429a-838f-9482623b0608,I do not know what to say anymore ,,,,,,,,,,,,,,1,
cf87aa49-b457-4016-bf26-e8bbffa1eb29,"I do not want to intervene because it was the same in Ashraf Ghani's time, the explosion of the break of the war and the actions are also possible. ",,1,,1,,,,,,,1,,,,
dbbfc3e8-e051-480e-9ab7-68e901987164,"I don't know how much of an impact this will have, but there are other actions that may take precedence over it. ",,1,,,,,,,,,,,,,
442a0313-01e6-4f48-93f9-01fbc891aca8,I don't know why they are doing things that drive the oppressed people of the country into religious extremism ,,,,,,,,,,,,,,,1
31ee21e3-9805-4df1-b1a3-18823fe16884,I need to rebuild and structure the country ,,1,,,1,,,,,,,,,,
7bec3fee-05cf-41da-aa28-1d59bad1034f,"I want a lasting peace in Afghanistan and we, the people, to do well ",,1,,1,,,,,,,,,,,
eeef539d-a2bc-49ed-8433-c3b844b396fa,I want an explanation of human rights ,,,,,,,,,,,,,,,1
43642f57-5eaf-4351-b4d5-52a8c23f46e7,"If pornography is practiced in our society in the name of human rights, I do not agree with it. ",,,,,,,,,,,,,,,1
4a7be9af-6594-43bb-b4bd-0002bc44a2d9,"If women work in government, they must perform their duties in the Islamic hijab ",,,,,,,1,,,,,1,,,
b84f1da4-b7e0-4f30-84b8-4f6dfc52c908,"I'm not good because a woman is not disrespectful, but sometimes her mind does not work ",,,,,,,1,,,,,,,,
479a33ae-2dd3-4bc5-84f3-c8c9c1f2b60f,I'm not sure if this is a good idea. ,,,,,,,1,,,,,,,,
043edf7e-e1c4-4ceb-89f0-e3ac20112564,"I'm not sure if your rights are right, Islamic law treats you and does not respect the religion of Islam and religions ",,,,,,,1,,,,,1,,,
b7645a8d-0936-4f0b-a18a-ec6236c42214,"I'm not sure, because there are no women in Afghanistan who want their freedom and there is no one. ",,,,,,,1,,,,,,,,
eda8bd3d-166f-477f-85ed-1a552aedfcfa,"In Afghanistan, religion has been sacrificed to politics, and politics is very complex and unknown ",,,,,,,,,,1,,1,,,
91f29328-b94e-4051-9e52-c1e2d284d10c,"In Islamic law, a woman is not allowed so much freedom that she has to sit in a class with foreign men and study, and we follow Islam. ",,,,,,,1,,,,,1,,,
54641aa1-53ce-410b-af3c-d4b76d902ed8,"In the current government, women have a lower status ",,,,,,,,,,1,,,,,
01f25933-7f85-4cb8-b9e1-2abf228610eb,"In the Islamic field, I have no knowledge. If there is no Islamic conflict, then I agree ",,,,,,,1,,,,,1,,1,
b25ce407-927d-4d0c-b93a-aa59b558959b,"In the previous government, women's human rights were abused by both men and women ",1,,,,,,,,,,1,,,,
98dcd2a3-621c-4602-b924-a1a986c2697e,Islam gives special rights to women so it is not permissible for a woman to work outside the home ,,,,,,1,,,,,,1,,,
e7455c46-2176-4960-8e7e-752eca71e06d,Islam has given many rights to women. ,,,,,,1,,,,,,1,,,
ce2a0ae0-bd35-4d7c-a237-7186b65e1d3c,Islamic rights activists ,,,,,,,,,,,,1,,,
33c35229-f004-4278-b4cd-20cb229656b7,It has no practical aspect ,,,,,,1,,,,,,,,,
9f181dca-8420-4bf0-9ef9-35edf9e5fc45,It is cruel to have no mercy on anyone ,,,,,,,,,,1,,,,,
4b9a6538-3142-4f8e-ad0a-d0b5c630c5fe,It is not bad ,,,,,,1,,,,,,,,,
c7a8c6ed-c8f0-4df9-b4cd-d89ad8c70fb0,it is not clear ,,,,,,,,,,,,,,1,
c339b000-6be8-44e5-abd1-9aebc6d23a60,It is unknown ,,,,,,,,,,,,,,1,
6244eb62-b6a9-4fd5-91b8-a45519788ace,"it, s not your business ",,,,,,,,,,,,,,,1
017779c9-894a-426a-be5d-ce17afe919a6,"it, s not your business ",,,,,,,,,,,,,,,1
73ea3cf6-184b-4dc4-a994-046b4cc4df40,It's because of the many disciplines that women should not have a share. ,,,,,,,1,,,,,,,,
a5036140-fa51-4364-9859-357787c313ae,Maybe the Taliban will have good governance in the future ,,,,,,,1,,,1,,,,,
7c9331ba-a76c-4f54-9fee-3de31810c640,My country needs bread and food. It needs universal peace ,,1,1,1,,,,,,,,,,,
c5f17e4c-e314-4868-a067-fea51edb26c2,"My enemy is Islam, the homeland of America, infidels, Jews, Christians and the West ",,,,,,,,1,,,,1,,,
682c84ac-b7c4-4d0f-b204-c9a91539e892,"Other goals are pursued, not enforced ",,,,,,,,,,1,,,,,1
c34f3fa8-7626-467e-afe1-8b34aaa2fec0,Our country is facing many more problems which must be solved first ,,1,,,,,,,,,,,,,
83d1766b-1395-49c1-b9f5-2abc416d6705,Our opinion is useless ,,,,,,,,,,1,,,,,
49a2454e-c8af-4116-abd7-772236b34f4d,Our priority is food we don't have and another is uncertainty about the future ,,1,1,,1,,,,,,,,,1,
4125cc50-8e8c-45c4-a293-904947237789,People do not like to live quietly ,,,,,,,,,,,,,,,1
782f26e4-3b6a-4860-a1ce-4a11bc84b4d0,Rights are more a slogan than an action ,,,,,,,,,,,,,,,1
7f6413d3-1348-463f-a1fa-786f61b19606,Security ,,1,,1,,,,,,,,,,,
34db0ded-742f-4e90-a93a-9ad5e3f145ae,security problems! ,,1,,1,,,,,,,,,,,
891df6b7-42a3-4a09-a2e1-9e2ea737da78,Sharia rights should be given to women ,,,,,,,,,,,,1,,,
548d47a9-59b4-45c2-907e-b45ca84ae95a,"Since Islam has given enough rights to women and the Taliban are committed to Islamic poetry, God willing, they will fully defend the Islamic rights of women. ",,,,,,1,,,,,,1,,,
41f703f7-7f59-48ec-bf2a-16df49444ac1,"So Allah knows now, but it is calm, so Allah knows what will happen next Tuesday ",,,,,,,,,,,,1,,,
a8726d31-dadd-4792-8818-6a405e93a57d,"So far no one was able to send in the perfect solution, which is not strange. ",,,,,,,,,,1,,,,,
94d9aad9-7077-4ab5-b906-91d0ff48dd1d,"Some women really work, but to some extent. They do immoral things to defame a woman, they also defame a woman ",,,,,,,1,,,,,,,,
0eaf2063-c388-48e6-ae8d-944bcb17e128,Steam as women's rights have been violated ,,,,,,,,,,,,,,,1
3ab8421c-ee71-41c3-9782-d3bb3674311f,"That is, a woman should be at home with iodine, so we need to have a female police officer, and so on ",,,,,,,,,,,,,,,1
1fa0bc73-8d42-44c7-a8a3-e76d698d5f18,"That's because we want women to be given their rights, but not to the same extent as in the past. ",,,,,,1,1,,,,1,,,,
ec3c053a-c216-46c8-902c-9a09f57b1366,"That's the decent thing to do, and it should end there. Then there is the issue of women's human rights ",,,,,,1,,,,,,,,,1
9faf5f77-bf0f-4ee0-b70c-75db8f5c0637,"The ancient culture of our country, if you know, was not a place for women, and this is more of a democratic view ",,,,,,,,,,1,1,1,,,
71b6622d-3f46-4ba1-8b30-823ea44ebaf5,The current idea of statesmen can not be accepted ,,,,,,,,,,,,,,,1
9bd0bb90-6034-4ff1-ae82-a9f08df6f644,"The decision about the people of our country is the responsibility of our own people, not the curtain ",,,,,,,,1,,,,,,,
9123a802-6b15-4d24-8e0f-ad1441398014,The future of women is unknown ,,,,,,,,,,,,,,1,
397d587d-369e-4722-bae0-ed1694a2b808,The future situation is unknown ,,,,,,,,,,,,,,1,
a6c9e1c1-9d82-4c4e-847d-f2d4a5c5f056,"The government should be committed to the Islamic and religious rights of women, not to Western human rights, which are in conflict with the national interests and national and Islamic values of our country. ",,,,,,,,1,,,,1,,,
9340120d-084e-46ac-9b9f-7d77e9999cd0,"The human rights issues in Afghanistan have no basis in Islam. The rights that should be given to women are rights from the Islamic point of view. The rights that Islam has given to women, if given, could have an impact on the future of Afghanistan. ",,,,,,,,,,,,1,,,
8b1b8fe4-f90b-4e9f-be39-b0977501a647,"The issue of human rights without any guarantee will not be just a claim, while the possibility of human rights being guaranteed in the country may only be reflected in the media, but it will control the night as it is now and kill thousands of young people in this land. They arrive ",,,,,,,,,,1,,,,,
5bcc2a22-e3be-4518-8342-dea86dd5e1de,"The Messenger of God, may God bless him and grant him peace, says that a woman is the corpse of the devil. ",,,,,,1,,,,,,1,,,
7f73c159-8cbd-47e9-8599-5eb2d6b212c6,The movement must protect its dignity in the light of Islamic law ,,,,,,,,,,,,1,,,
de5da635-9ad5-429a-8c82-880d10eb47df,"The priority should be security and other means of Afghanistan's economy, not women's issues. The Taliban should allow education in India, God willing. ",,1,1,1,,,,,,,,,,,
16f7f92f-f1dd-43e8-b502-3fa4d4d33107,"The reason why most of us, Afghanistan, are Muslims, and the beliefs of us Muslims, is that, whatever God Almighty has revealed to us in the Qur'an, we must follow, do, and conform to, the poetry of Islam, which Is not an obstacle ",,,,,,,,,,,,1,,,
0bd44024-748b-4238-b965-2847f936ddd6,The result of an ambiguous Afghanistan ,,,,,,,,,,,,,,,1
103f8c76-998c-43bd-ae8f-eee218f999a8,The situation has become such that nothing is even slightly predicted. ,,,,,,,,,,1,,,,,
4738382f-062e-46c4-b075-3f9249df417f,The situation is improving in my opinion ,,,,,,,,,,,,,,,1
40e83683-e044-4f8f-a1ce-12e145478193,The Taliban are slowly giving away women's rights ,,,,,,,,,,1,,,,,
b0a34cf2-6222-4a8b-a967-173760e8f09e,The Taliban buys the credentials of their desires ,,,,,,,,,,,,,,,1
bb8ba81f-f197-4655-b501-7c208b6568c5,The Taliban do what is in Islam ,,,,,,,,,,,,1,,,
1549bbdb-405c-4632-8f4d-986a838ee07e,The Taliban have not yet been recognized. ,,,,,,,,,,,,,,,1
02bd33c8-9934-462f-b1cb-1e3dcc2cd489,The Taliban of the Emirate can not have a real representation of dear Islam. We respect women's rights and because Islam has given them rights. ,,,,,,,,,,,,1,,,
36273eb9-a35c-48b7-ab45-4c155664e310,The time has not come ,,,,,,1,,,,,,,,,
68420142-677d-4b20-bc11-72dc15a8f128,The United States and the United Nations are not living up to their promises ,,,,,,,,1,,1,,,,,
33009100-8970-4ae6-91b5-1f5b5f9c9cb3,The woman is destined for housework ,,,,,,1,,,,,,,,,
7052419a-6e79-467a-8861-9906c0a67496,The work is broken ,,,,,,,,,,,,,,,1
3c3f000c-ce2e-45ff-842d-dfe432d2a228,There are other priorities as well ,,1,,,,,,,,,,,,,
f4f63d31-2b4b-4153-a2f0-2ec09170f945,There is a gap between the Taliban and the aspirants for democracy ,,,,,,,,,,1,,,,,
4009e59c-1809-4540-9df5-c950295b7ba2,"There is a lot of war, everyone is out of school ",,,,,,,,,,,,,,,
1c206c0b-007a-4379-87a3-5abc3c87d3e5,There is a way to come to America ,,,,,,,,,,,,,,,1
4e1199c6-36ad-41f0-b06a-1bace5082a4b,There is no doubt that the Taliban are different from the previous Taliban. ,,,,,,,,,,,,,,,1
d6c69cf2-46c2-494e-a7da-39c47ebd2eee,There is no power that can replace the Taliban that has a clear policy and ethnic and linguistic acceptance! ,,,,,,,,,,,,,,,1
b2f26332-6001-450b-87b0-a794e56a2cc0,There is no real excuse for human rights in any country right now ,,,,,,,,,1,,,,,,
a3300859-ef04-4273-92df-0ae441e716bb,There is no safe environment for women in the previous government ,,,,,,,,,,,1,,,,
1b9aa14b-ffaa-4f16-a1a7-38d359a4c9ea,These people should not be trusted because they are very useless people ,,,,,,,,,,,,,,,1
78af3035-dfb9-4628-9808-edc39998fee4,They are not afraid of war because they defeated the world superpower ,,,,,,,,,,,,,,,1
e9fb8584-8958-4dfe-b1f0-2b89f15e072e,"They use women's rights and the fundamental rights of citizens in all directions. In that sense, I am not sure what the future holds. ",,,,,,,,,,,,,,1,
46853536-715e-4daf-87a0-e87af7416dcf,"think it is very good that first a special general thought and not a woman, yes, a man, a woman, a child, a young woman, achievements of twenty years ago, but not negative things, such as bribery of the legacy of mafia rule, etc. The Taliban, of course, as long as the spontaneity of the thieves and the Taliban are spontaneous and revenge is impossible. In the current wisdom, there is no comfort for human beings. ",,,,,,,,,,1,,,,,
ec9376de-c672-4e51-a26f-a258ef6168c6,"Unfortunately, the situation is chaotic ",,,,,,,,,,1,,,,,
0e4e6306-31b1-4319-ad95-8887cfe03fe7,"Unless female teachers are teaching, I don't think it's necessary and female staff should have a special place in their place and position, not mixed. ",,,,,,1,1,,,,,,,,
79e74743-a59c-44f8-b75e-9d6a740112a7,We are very pleased with the Emirate to keep Hemito stable ,,,,,,,,,,,,,,,1
4081028c-08d0-4f9e-b680-8753f02d0b38,We know that the rights of women that Islam has given to women cannot be given by any religion or ideology and they have no religion so there is no need for my decision. ,,,,,,,,,,,,1,,,
0c64506e-b76a-47c8-bcc3-e42229a43791,We must prioritize Islam ,,,,,,,,,,,,1,,,
530560d4-bd39-443e-b4db-bc6c94ad0626,We want peace ,,1,,1,,,,,,,,,,,
3d95af5c-0251-4d74-bc1f-cc7b9924b938,"Well, human rights, the western countries that talk about human rights, if we see how many suicides are registered and how many rapes are committed every day, I think the best right is the right given by Islam and religion, not the established rights. , The problem is in humans themselves ",,,,,,,1,1,,,,1,,,
be6a3e68-de98-4c71-b177-3e7e246f273a,"Well, I do not believe in any group ",,,,,,,,,,,,,,,1
f61afb14-b11d-46fb-88b3-338729ef82c8,"Well, I do not know what to do ",,,,,,,,,,,,,,1,
413625e6-5454-4ec9-bf2d-dba8b9f23a7c,"Well, I'm not sure, because I can not judge the current situation ",,,,,,,,,,,,,,1,
0c527987-147f-4064-984d-b78a8490c70c,"Well, what can I be sure of? ",,,,,,,,,,,,,,1,
0d2fdc8b-006c-4fd0-9c15-86b8dbab7c82,What Islam demands of women is not in this question. We are Muslims. We are our own society. Islam is a good thing. It is not just a matter of asking what Allah has shown me in them. ,,,,,,,,,,,,1,,,
b45e0f3b-42d6-4908-841a-61d25292b1af,"What you say about human rights is not true for the adulterer of Afghanistan who wants rights and pursues it the way he does. Afghanistan is an Islamic country in which the rights of all are defined in this religion and no one or group can claim these rights from the people, women and all members of the Afghan society. Today, there is a conflicting view between the international community and the Taliban-held government of Afghanistan, each of which thinks that they themselves know the truth and do not accept the other's talk. ",,,,,,,,1,,,,1,,,
6bbb101f-286c-4417-bfec-aa0414ef8d9d,Which I do not have an opinion ,,,,,,,,,,,,,,1,
79cc7078-ed63-4525-afe6-e754879dce17,"Who will come back and change the lives of the people so soon that the role of women is taken into account? On the other hand, in the Afghan dress, patriarchy has always ruled. ",,,,,,,,,,1,,,,,
a21bbadd-aaee-4047-b282-15e3d2359cf4,"Why is it that God and the Qur'an have determined the rights of human beings, if they are employed or educated or traded, but they have the right of Islam in the name of women's rights or human rights? He does not accept because the under-20s have no good at all. What is religion? What is Islam? All of them use internet mobiles. does not have",,,,,,,,,,,,1,,,1
9ddd0eb7-7bb0-42ef-af83-bd0be496a3c7,will be fine ,,,,,,,,,,,,,,,1
4f51a7de-1bd7-476d-839a-5e387f48288c,"Women are half of a society and it cannot be said that the issue of their rights is not important because it is very important, but the current situation does not demand that it be a priority for the world community or any other donkey. ",,1,,,,,,,,1,,,,,
515f45ca-fdc4-450d-8b08-09e6001747bf,Women have even been barred from being marginalized from their basic rights ,,,,,,,,,,1,,,,,
bb2d64a6-497d-4464-b8a5-cd67658ec6b8,"Women have the right to work, but they cannot be included in politics because of the greater emotion they have ",,,,,,,1,,,,,,,,
1dafbeda-5c4a-421a-b65c-3cbba44f0f34,"Women have the rights that should be given to them, only some girls are out of school and they will return soon. ",,,,,,1,,,,,,,,,
c1dc18ea-d6f2-40ff-a9fd-243c0e37e7da,Women must follow the religion of Islam ,,,,,,,,,,,,1,,,
f4f8e0eb-a683-4e56-8ae1-70d1f5b962be,"Women will be given legitimate and sharia rights and the spread of illegitimate desires and prostitution must be stopped. The right to education, the right to choose, the right to life ",,,,,,,1,,,,,1,,,
ee1de02a-4f55-4698-bf08-911570a299cd,Women's education is necessary but the international community is pushing for this issue for its own political purposes. ,,,,,,,,1,,,,,,,
189d410d-9135-46ef-a0fa-5981a579f1dc,"Women's human rights may vary between different religions, ethnicities and races, making it difficult to reach a specific decision. ",,,,,,,1,,,,,,,,
3851a36b-22e8-482b-a968-7d5451b405f4,Women's rights in Afghanistan were bad and as it continues they made no difference ,,,,,,,,,,1,1,,,,
ab695dfd-3757-40a9-a5e8-96cc824c52d0,Zakah to establish the Islamic system and stand on its feet but not human rights but Islamic rights ,,,,,,,,,,,,1,,,
TOTALS:,,11,34,12,13,10,26,27,31,7,67,15,72,1,46,48
PERCENTAGE OF TOTAL:,,3.75%,11.60%,4.10%,4.44%,3.41%,8.87%,9.22%,10.58%,2.39%,22.87%,5.12%,24.57%,0.34%,15.70%,16.38%